old_id,slide_name
1BHE,1_1_1_HE
1CHE,2_2_1_HE
1CmodGiem,3_2_1_MG
1CPAS,4_2_1_PAS
1HE,5_3_1_HE
1KHE,6_4_1_HE
1SHE,7_5_1_HE
2BHE,8_6_1_HE
2CHE,9_7_1_HE
2CmodGiem,10_7_1_MG
2CPAS,11_7_1_PAS
2HE,12_8_1_HE
2KHE,13_9_1_HE
2SHE,14_10_1_HE
3BHE,15_11_1_HE
3CHE,16_12_1_HE
3CmodGiem,17_12_1_MG
3CPAS,18_12_1_PAS
3HE,19_13_1_HE
3KHE,20_14_1_HE
3SHE,21_15_1_HE
4BHE,22_16_1_HE
4CHE,23_17_1_HE
4CmodGiem,24_17_1_MG
4CPAS,25_17_1_PAS
4HE,26_18_1_HE
4KHE,27_19_1_HE
4SHE,28_20_1_HE
5BHE,29_21_1_HE
5CHE,30_22_1_HE
5CmodGiem,31_22_1_MG
5CPAS,32_22_1_PAS
5HE,33_23_1_HE
5KHE,34_24_1_HE
5SHE,35_25_1_HE
6BHE,36_26_1_HE
6CHE,37_27_1_HE
6CmodGiem,38_27_1_MG
6CPAS,39_27_1_PAS
6HE,40_28_1_HE
6KHE,41_29_1_HE
6SHE,42_30_1_HE
7BHE,43_31_1_HE
7CHE,44_32_1_HE
7CmodGiem,45_32_1_MG
7CPAS,46_32_1_PAS
7HE,47_33_1_HE
7KHE,48_34_1_HE
7SHE,49_35_1_HE
8BHE,50_36_1_HE
8CHE,51_37_1_HE
8CmodGiem,52_37_1_MG
8CPAS,53_37_1_PAS
8HE,54_38_1_HE
8KHE,55_39_1_HE
8SHE,56_40_1_HE
9BHE,57_41_1_HE
9CHE,58_42_1_HE
9CmodGiem,59_42_1_MG
9CPAS,60_42_1_PAS
9HE,61_43_1_HE
9KHE,62_44_1_HE
9SHE,63_45_1_HE
10BHE,64_46_1_HE
10CHE,65_47_1_HE
10CmodGiem,66_47_1_MG
10CPAS,67_47_1_PAS
10HE,68_48_1_HE
10KHE,69_49_1_HE
10SHE,70_50_1_HE
11BHE,71_51_1_HE
11CHE!,72_52_1_HE
11CmodGiem!,73_52_1_MG
11CPAS!,74_52_1_PAS
11HE,75_53_1_HE
11KHE,76_54_1_HE
11SHE,77_55_1_HE
12BHE,78_56_1_HE
12CHE!,79_57_1_HE
12CmodGiem!,80_57_1_MG
12CPAS!,81_57_1_PAS
12HE,82_58_1_HE
12KHE,83_59_1_HE
12SHE,84_60_1_HE
13BHE,85_61_1_HE
13CHE!,86_62_1_HE
13HE,87_63_1_HE
13KHE,88_64_1_HE
13SHE,89_65_1_HE
13SmodGiem,90_65_1_MG
13SPAS,91_65_1_PAS
14BHE,92_66_1_HE
14CHE,93_67_1_HE
14HE,94_68_1_HE
14KHE,95_69_1_HE
14SHE,96_70_1_PAS
15BHE,97_71_1_HE
15CHE,98_72_1_HE
15HE,99_73_1_HE
15KHE,100_74_1_HE
15SHE,101_75_1_PAS
16BHE,102_76_1_HE
16CHE,103_77_1_HE
16HE,104_78_1_HE
16KHE,105_79_1_MG
16SHE,106_80_1_PAS
17BHE,107_81_1_HE
17HE,108_82_1_HE
17KHE,109_83_1_HE
18BHE,110_84_1_HE
18CHE,111_85_1_HE
18HE,112_86_1_HE
19BHE,113_87_1_HE
19CHE,114_88_1_HE
19HE,115_89_1_HE
20BHE,116_90_1_HE
20CHE,117_91_1_HE
20HE,118_92_1_HE
21BHE,119_93_1_HE
21CHE,120_94_1_HE
21HE,121_95_1_HE
22BHE,122_96_1_HE
22CHE,123_97_1_HE
22HE,124_98_1_HE
23BHE,125_99_1_HE
23CHE,126_100_1_HE
23HE,127_101_1_HE
24BHE,128_102_1_HE
24CHE,129_103_1_HE
24HE,130_104_1_HE
25BHE,131_105_1_HE
25CHE,132_106_1_HE
25HE,133_107_1_HE
26BHE,134_108_1_HE
26CHE,135_109_1_HE
26HE,136_110_1_HE
27BHE,137_111_1_HE
27CHE,138_112_1_HE
27HE,139_113_1_HE
28BHE,140_114_1_HE
28CHE,141_115_1_HE
28HE,142_116_1_HE
29BHE,143_117_1_HE
29CHE,144_118_1_HE
29HE,145_119_1_HE
30BHE,146_120_1_HE
30CHE,147_121_1_HE
30HE,148_122_1_HE
31BHE,149_123_1_HE
31CHE,150_124_1_HE
31HE,151_125_1_HE
32BHE,152_126_1_HE
32CHE,153_127_1_HE
32HE,154_128_1_HE
33BHE,155_129_1_HE
33CHE,156_130_1_HE
33HE,157_131_1_HE
34BHE,158_132_1_HE
34CHE,159_133_1_HE
34HE,160_134_1_HE
35BHE,161_135_1_HE
35CHE,162_136_1_HE
35HE,163_137_1_HE
36CHE,164_138_1_HE
36HE,165_139_1_HE
37BHE,166_140_1_HE
37CHE,167_141_1_HE
37HE,168_142_1_HE
38BHE,169_143_1_HE
38CHE,170_144_1_HE
38HE,171_145_1_HE
39BHE,172_146_1_HE
39CHE,173_147_1_HE
39HE,174_148_1_HE
40BHE,175_149_1_HE
40CHE,176_150_1_HE
40HE,177_151_1_HE
41BHE,178_152_1_HE
41CHE,179_153_1_HE
41HE,180_154_1_HE
42BHE,181_155_1_HE
42CHE,182_156_1_HE
42HE,183_157_1_HE
43BHE,184_158_1_HE
43CHE,185_159_1_HE
43HE,186_160_1_HE
44BHE,187_161_1_HE
44HE,188_162_1_HE
45BHE,189_163_1_HE
45HE,190_164_1_HE
46BHE,191_165_1_HE
46HE,192_166_1_HE
47BHE,193_167_1_HE
47HE,194_168_1_HE
48BHE,195_169_1_HE
48HE,196_170_1_HE
49BHE,197_171_1_HE
49HE,198_172_1_HE
50BHE,199_173_1_HE
50HE,200_174_1_HE
51BHE,201_175_1_HE
51HE,202_176_1_HE
52BHE,203_177_1_HE
52HE,204_178_1_HE
53BHE,205_179_1_HE
53HE,206_180_1_HE
54BHE,207_181_1_PAS
54HE,208_182_1_HE
55BHE,209_183_1_PAS
55HE,210_184_1_HE
56BHE,211_185_1_PAS
56HE,212_186_1_HE
57BHE,213_187_1_HE
57HE,214_188_1_HE
58BHE,215_189_1_HE
58HE,216_190_1_HE
59BHE,217_191_1_HE
59HE,218_192_1_HE
60BHE,219_193_1_HE
60HE,220_194_1_HE
61HE,221_195_1_HE
62HE,222_196_1_HE
63HE,223_197_1_HE
64HE,224_198_1_HE
65HE,225_199_1_HE
66HE,226_200_1_HE
67HE,227_201_1_HE
68HE,228_202_1_HE
69HE,229_203_1_HE
70HE,230_204_1_HE
71HE,231_205_1_HE
72HE,232_206_1_HE
73HE,233_207_1_HE
74HE,234_208_1_HE
75HE,235_209_1_HE
76HE,236_210_1_HE
77HE,237_211_1_HE
78HE,238_212_1_HE
79HE,239_213_1_HE
80HE,240_214_1_HE
81HE,241_215_1_HE
82HE,242_216_1_HE
83HE,243_217_1_HE
84HE,244_218_1_HE
85HE,245_219_1_HE
86HE,246_220_1_HE
87HE,247_221_1_HE
88HE,248_222_1_HE
90HE,249_223_1_HE
91HE,250_224_1_HE
92HE,251_225_1_HE
93HE,252_226_1_HE
94HE,253_227_1_HE
95HE,254_228_1_HE
96HE,255_229_1_HE
97HE,256_230_1_HE
98HE,257_231_1_HE
99HE,258_232_1_HE
100HE,259_233_1_HE
101HE,260_234_1_MG
102HE,261_235_1_HE
103HE,262_236_1_HE
104HE,263_237_1_HE
105HE,264_238_1_HE
106NHE,265_239_1_PAS
107NHE,266_240_1_PAS
108NHE,267_241_1_PAS
109NHE,268_242_1_PAS
110NHE,269_243_1_PAS
111NHE,270_244_1_PAS
201-1 c,271_245_2_HE
201-2 c,272_245_2_PAS
201-3 c,273_245_2_MG
202-1 c,274_246_2_HE
202-2 c,275_246_2_PAS
202-3 c,276_246_2_MG
203-1 c,277_247_2_HE
203-2c,278_247_2_PAS
203-3c,279_247_2_MG
204-1c,280_248_2_HE
204-2c,281_248_2_PAS
204-3c,282_248_2_MG
205-1c,283_249_2_HE
205-2c,284_249_2_PAS
205-3c,285_249_2_MG
206-1c,286_250_2_HE
206-2c,287_250_2_PAS
206-3c,288_250_2_MG
207-1c,289_251_2_HE
207-2c,290_251_2_PAS
207-3c,291_251_2_MG
208-1c,292_252_2_HE
208-2c,293_252_2_PAS
208-3c,294_252_2_MG
209-1c,295_253_2_HE
209-2c,296_253_2_PAS
209-3c,297_253_2_MG
210-1c,298_254_2_HE
210-2c,299_254_2_PAS
210-3c,300_254_2_MG
211-1c,301_255_2_HE
211-2c,302_255_2_PAS
211-3c,303_255_2_MG
212-1c,304_256_2_HE
212-2c,305_256_2_PAS
212-3c,306_256_2_MG
213-1b,307_257_2_HE
213-2b,308_257_2_PAS
213-3b,309_257_2_MG
214-1b,310_258_2_HE
214-2b,311_258_2_PAS
214-3b,312_258_2_MG
215-1b,313_259_2_HE
215-2b,314_259_2_PAS
215-3b,315_259_2_MG
216-1b,316_260_2_HE
216-2b,317_260_2_PAS
216-3b,318_260_2_MG
217-1b,319_261_2_HE
217-2b,320_261_2_PAS
217-3b,321_261_2_MG
218-1b,322_262_2_HE
218-2b,323_262_2_PAS
218-3b,324_262_2_MG
219-1b,325_263_2_HE
219-2b,326_263_2_PAS
219-3b,327_263_2_MG
220-1b,328_264_2_HE
220-2b,329_264_2_PAS
220-3b,330_264_2_MG
221-1 E frei,331_265_2_HE
221-2 E frei,332_265_2_PAS
221-3 E frei,333_265_2_MG
222-1 E frei,334_266_2_HE
222-2 E frei,335_266_2_PAS
222-3 E frei,336_266_2_MG
223-1 E frei,337_267_2_HE
223-2 E frei,338_267_2_PAS
223-3 E frei,339_267_2_MG
224-1 E frei,340_268_2_HE
224-2 E frei,341_268_2_PAS
224-3 E frei,342_268_2_MG
225-1 E frei,343_269_2_HE
225-2 E frei,344_269_2_PAS
225-3 E frei,345_269_2_MG
226-1 E frei,346_270_2_HE
226-2 E frei,347_270_2_PAS
226-3 E frei,348_270_2_MG
227-1 E frei,349_271_2_HE
227-2 E frei,350_271_2_PAS
227-3 E frei,351_271_2_MG
228-1 E frei,352_272_2_HE
228-2 E frei,353_272_2_PAS
228-3 E frei,354_272_2_MG
229-1 E frei,355_273_2_HE
229-2 E frei,356_273_2_PAS
229-3 E frei,357_273_2_MG
230-1 E frei,358_274_2_HE
230-2 E frei,359_274_2_PAS
230-3 E frei,360_274_2_MG